model,seed,split,score,ap,roc_auc
VAE beta0.0_lat8,1,val,recon,0.746933709299111,0.9493565120247103
VAE beta0.0_lat8,1,val,recon_mc,0.7469337075596378,0.9493554648757826
VAE beta0.0_lat8,1,val,neg_elbo,0.23783344734005157,0.9419433707843654
VAE beta0.0_lat8,1,val,recon_prob,0.7469337189538267,0.9493555770703106
VAE beta0.0_lat8,1,val,kl,0.16161648168559767,0.9167322132031119
VAE beta0.0_lat8,1,test,recon,0.710054966794415,0.9467611559323885
VAE beta0.0_lat8,1,test,recon_mc,0.7100549639924179,0.9467612304131441
VAE beta0.0_lat8,1,test,neg_elbo,0.2266053469093637,0.9469638180682419
VAE beta0.0_lat8,1,test,recon_prob,0.710054963992418,0.9467612304131441
VAE beta0.0_lat8,1,test,kl,0.15371336094016,0.9266842724276637
VAE beta0.0_lat8,2,val,recon,0.519853535867248,0.9539143773248577
VAE beta0.0_lat8,2,val,recon_mc,0.5198535393511876,0.9539146765102655
VAE beta0.0_lat8,2,val,neg_elbo,0.11199497109897258,0.8623452426079513
VAE beta0.0_lat8,2,val,recon_prob,0.5198535393511875,0.9539146765102655
VAE beta0.0_lat8,2,val,kl,0.08519600314533068,0.7971484040403194
VAE beta0.0_lat8,2,test,recon,0.4556718484925182,0.9474387073656327
VAE beta0.0_lat8,2,test,recon_mc,0.4556718500619337,0.9474387073656328
VAE beta0.0_lat8,2,test,neg_elbo,0.10040375142062415,0.870648973912147
VAE beta0.0_lat8,2,test,recon_prob,0.4556718500619337,0.9474387073656328
VAE beta0.0_lat8,2,test,kl,0.07777225169179743,0.8159103481103896
VAE beta0.0_lat8,3,val,recon,0.7055528148593836,0.9477937918429492
VAE beta0.0_lat8,3,val,recon_mc,0.7055527644254348,0.9477939414356532
VAE beta0.0_lat8,3,val,neg_elbo,0.09023824309706628,0.9045971034663921
VAE beta0.0_lat8,3,val,recon_prob,0.7055527644254346,0.9477939414356533
VAE beta0.0_lat8,3,val,kl,0.053246238751353335,0.854256241531183
VAE beta0.0_lat8,3,test,recon,0.6483733735628571,0.9386414129237667
VAE beta0.0_lat8,3,test,recon_mc,0.6483730634754239,0.9386390295395891
VAE beta0.0_lat8,3,test,neg_elbo,0.08466750656940733,0.8813496240621104
VAE beta0.0_lat8,3,test,recon_prob,0.6483730634754239,0.938639029539589
VAE beta0.0_lat8,3,test,kl,0.04943100145645239,0.8306858031561518
VAE beta0.5_lat8,1,val,recon,0.7000826374796665,0.9511809446420232
VAE beta0.5_lat8,1,val,recon_mc,0.7003729327238316,0.9485347993019405
VAE beta0.5_lat8,1,val,neg_elbo,0.6665428877765888,0.9524056601092206
VAE beta0.5_lat8,1,val,recon_prob,0.6935508103629554,0.9484240259046695
VAE beta0.5_lat8,1,val,kl,0.47783602511521633,0.9497599635472498
VAE beta0.5_lat8,1,test,recon,0.6726973721478163,0.9455558338653123
VAE beta0.5_lat8,1,test,recon_mc,0.6743472751788517,0.9452859156071965
VAE beta0.5_lat8,1,test,neg_elbo,0.6364070340109372,0.9530626747365076
VAE beta0.5_lat8,1,test,recon_prob,0.6665757283158026,0.9451893140672474
VAE beta0.5_lat8,1,test,kl,0.4681544256524524,0.9493822826817273
VAE beta0.5_lat8,2,val,recon,0.6521688445228656,0.9511276148430667
VAE beta0.5_lat8,2,val,recon_mc,0.652033501532436,0.9502557885644756
VAE beta0.5_lat8,2,val,neg_elbo,0.620738437874882,0.9556850313651022
VAE beta0.5_lat8,2,val,recon_prob,0.6508161353280539,0.9510933581138633
VAE beta0.5_lat8,2,val,kl,0.4949256421867607,0.9519322739975868
VAE beta0.5_lat8,2,test,recon,0.6222694943519169,0.9456784291889486
VAE beta0.5_lat8,2,test,recon_mc,0.621144958976582,0.9453162292747056
VAE beta0.5_lat8,2,test,neg_elbo,0.600720883792947,0.9556647344124255
VAE beta0.5_lat8,2,test,recon_prob,0.6214610457601341,0.9448459577841588
VAE beta0.5_lat8,2,test,kl,0.4963647470543525,0.952222233890874
VAE beta0.5_lat8,3,val,recon,0.7133786222509284,0.950616082591927
VAE beta0.5_lat8,3,val,recon_mc,0.7162977967785128,0.9497771667082037
VAE beta0.5_lat8,3,val,neg_elbo,0.6534825341818912,0.9564307883924439
VAE beta0.5_lat8,3,val,recon_prob,0.7144554486328549,0.9495049827833757
VAE beta0.5_lat8,3,val,kl,0.417878909362415,0.9468815755342928
VAE beta0.5_lat8,3,test,recon,0.6688970393595793,0.9484345895481007
VAE beta0.5_lat8,3,test,recon_mc,0.672211305620006,0.9477466852898349
VAE beta0.5_lat8,3,test,neg_elbo,0.6150389301570438,0.9587257817444242
VAE beta0.5_lat8,3,test,recon_prob,0.6698409945580305,0.9476898564733496
VAE beta0.5_lat8,3,test,kl,0.4184213838418656,0.9540814225109294
VAE beta1.0_lat8,1,val,recon,0.7633484995181499,0.9514017434730457
VAE beta1.0_lat8,1,val,recon_mc,0.7627874600311999,0.9486627758601656
VAE beta1.0_lat8,1,val,neg_elbo,0.7373966270489671,0.956939067002273
VAE beta1.0_lat8,1,val,recon_prob,0.7639774842827914,0.950316859785861
VAE beta1.0_lat8,1,val,kl,0.20586942031916858,0.9307534625475219
VAE beta1.0_lat8,1,test,recon,0.7210934324998113,0.948938600820912
VAE beta1.0_lat8,1,test,recon_mc,0.7203254764626714,0.9462203511663352
VAE beta1.0_lat8,1,test,neg_elbo,0.6958011984487824,0.956817622027594
VAE beta1.0_lat8,1,test,recon_prob,0.7220833260867373,0.947476953233608
VAE beta1.0_lat8,1,test,kl,0.21766816946073927,0.9327865552106849
VAE beta1.0_lat8,2,val,recon,0.6887255825088037,0.9537246189799035
VAE beta1.0_lat8,2,val,recon_mc,0.6907471896382371,0.9559084480684441
VAE beta1.0_lat8,2,val,neg_elbo,0.6429517085386455,0.9579191983985202
VAE beta1.0_lat8,2,val,recon_prob,0.6897738716007978,0.9551967607794258
VAE beta1.0_lat8,2,val,kl,0.44494999472729624,0.9445145701797715
VAE beta1.0_lat8,2,test,recon,0.6657701279237097,0.9578918579649014
VAE beta1.0_lat8,2,test,recon_mc,0.6662566413483708,0.9569140746060322
VAE beta1.0_lat8,2,test,neg_elbo,0.6254144563105414,0.9609049024499476
VAE beta1.0_lat8,2,test,recon_prob,0.6645767672120463,0.955775859699707
VAE beta1.0_lat8,2,test,kl,0.4280974418384323,0.9471400395358746
VAE beta1.0_lat8,3,val,recon,0.7464900739105856,0.9502883249775835
VAE beta1.0_lat8,3,val,recon_mc,0.748216392352485,0.9521431997101493
VAE beta1.0_lat8,3,val,neg_elbo,0.7016898597663307,0.9571762088362017
VAE beta1.0_lat8,3,val,recon_prob,0.7497422632683347,0.9503880285147627
VAE beta1.0_lat8,3,val,kl,0.17905127679149985,0.9323015600424724
VAE beta1.0_lat8,3,test,recon,0.7022531098871592,0.9431783336673795
VAE beta1.0_lat8,3,test,recon_mc,0.7024019523436389,0.9425572386468426
VAE beta1.0_lat8,3,test,neg_elbo,0.6671342679141586,0.9567806795728411
VAE beta1.0_lat8,3,test,recon_prob,0.7034953452196642,0.9420804873305628
VAE beta1.0_lat8,3,test,kl,0.17453968034365117,0.9368543216750841
VAE beta2.0_lat8,1,val,recon,0.7628893716855962,0.9511932112437466
VAE beta2.0_lat8,1,val,recon_mc,0.76218959350956,0.9469849814908948
VAE beta2.0_lat8,1,val,neg_elbo,0.7356669996271834,0.9545164131618842
VAE beta2.0_lat8,1,val,recon_prob,0.7622101308995944,0.94664447109854
VAE beta2.0_lat8,1,val,kl,0.17792214698138867,0.9368376222060197
VAE beta2.0_lat8,1,test,recon,0.7111900257959377,0.9523436375224217
VAE beta2.0_lat8,1,test,recon_mc,0.70799025053354,0.9522094976816748
VAE beta2.0_lat8,1,test,neg_elbo,0.6912513906168163,0.959428284230778
VAE beta2.0_lat8,1,test,recon_prob,0.7109538544801776,0.9496176418692673
VAE beta2.0_lat8,1,test,kl,0.17722323047941366,0.9359195509525455
VAE beta2.0_lat8,2,val,recon,0.7647075388392085,0.9460875374617529
VAE beta2.0_lat8,2,val,recon_mc,0.7637323835627741,0.9486842424131816
VAE beta2.0_lat8,2,val,neg_elbo,0.7482933940685845,0.9557225043374404
VAE beta2.0_lat8,2,val,recon_prob,0.7669241294152725,0.9456615348390935
VAE beta2.0_lat8,2,val,kl,0.297564167682572,0.9302280929712671
VAE beta2.0_lat8,2,test,recon,0.7298442383939585,0.9532367362622295
VAE beta2.0_lat8,2,test,recon_mc,0.7280502617687603,0.9531949153179878
VAE beta2.0_lat8,2,test,neg_elbo,0.7129787470611447,0.9616772678850078
VAE beta2.0_lat8,2,test,recon_prob,0.7302477373109398,0.9504222574714811
VAE beta2.0_lat8,2,test,kl,0.2924569920106839,0.9317209590410216
VAE beta2.0_lat8,3,val,recon,0.6038015525002768,0.9441793329302308
VAE beta2.0_lat8,3,val,recon_mc,0.6208529346965976,0.9455909644810075
VAE beta2.0_lat8,3,val,neg_elbo,0.6015247977827907,0.9558324549748399
VAE beta2.0_lat8,3,val,recon_prob,0.5784151571769222,0.9442660219021669
VAE beta2.0_lat8,3,val,kl,0.3948727104291157,0.9488572089771181
VAE beta2.0_lat8,3,test,recon,0.5951021219442577,0.9398772721006188
VAE beta2.0_lat8,3,test,recon_mc,0.6085766046102563,0.943113423688917
VAE beta2.0_lat8,3,test,neg_elbo,0.5838458078779606,0.9561985379874569
VAE beta2.0_lat8,3,test,recon_prob,0.5555630650492942,0.9393417554682096
VAE beta2.0_lat8,3,test,kl,0.38763017181165377,0.951832848500855
VAE beta4.0_lat8,1,val,recon,0.7623403650626529,0.9404129626266564
VAE beta4.0_lat8,1,val,recon_mc,0.763642374760866,0.946929893977667
VAE beta4.0_lat8,1,val,neg_elbo,0.7510003928942085,0.9518543361988314
VAE beta4.0_lat8,1,val,recon_prob,0.7628244813823127,0.9406503288496411
VAE beta4.0_lat8,1,val,kl,0.05558249246879826,0.9175511210626826
VAE beta4.0_lat8,1,test,recon,0.7190973560841715,0.9492727214903123
VAE beta4.0_lat8,1,test,recon_mc,0.7174090255218429,0.9542992042401596
VAE beta4.0_lat8,1,test,neg_elbo,0.7069336819505165,0.9578042685963737
VAE beta4.0_lat8,1,test,recon_prob,0.7207090956878137,0.9451342355485175
VAE beta4.0_lat8,1,test,kl,0.05176850213751104,0.9277534436735935
VAE beta4.0_lat8,2,val,recon,0.7605375882625823,0.9413547234943419
VAE beta4.0_lat8,2,val,recon_mc,0.7570118465317983,0.9493767070397428
VAE beta4.0_lat8,2,val,neg_elbo,0.738277546432844,0.9522398365968977
VAE beta4.0_lat8,2,val,recon_prob,0.7620814487933313,0.9374926138602426
VAE beta4.0_lat8,2,val,kl,0.09961229952324283,0.9400024802470315
VAE beta4.0_lat8,2,test,recon,0.7162001366836779,0.9479660683553093
VAE beta4.0_lat8,2,test,recon_mc,0.7153709163179329,0.95510538393824
VAE beta4.0_lat8,2,test,neg_elbo,0.6998291410145,0.957675416889271
VAE beta4.0_lat8,2,test,recon_prob,0.7177821312796862,0.9419379684048166
VAE beta4.0_lat8,2,test,kl,0.0961668305928951,0.9419330154345725
VAE beta4.0_lat8,3,val,recon,0.7545469736592854,0.933185839913667
VAE beta4.0_lat8,3,val,recon_mc,0.7562616858039203,0.9396155587182778
VAE beta4.0_lat8,3,val,neg_elbo,0.7428268588212118,0.947565962154841
VAE beta4.0_lat8,3,val,recon_prob,0.7574477181254207,0.9337398564927273
VAE beta4.0_lat8,3,val,kl,0.036886510227014675,0.8931929784774992
VAE beta4.0_lat8,3,test,recon,0.7235151495434121,0.9386032787769247
VAE beta4.0_lat8,3,test,recon_mc,0.7227330607171917,0.9443319288497258
VAE beta4.0_lat8,3,test,neg_elbo,0.710492124625528,0.9524418776389928
VAE beta4.0_lat8,3,test,recon_prob,0.7270169677528435,0.9387855331857572
VAE beta4.0_lat8,3,test,kl,0.03308336322497935,0.8978817449679126
VAE beta1.0_lat2,1,val,recon,0.5498941911435227,0.9517943495245496
VAE beta1.0_lat2,1,val,recon_mc,0.5510942968143611,0.9537300791135973
VAE beta1.0_lat2,1,val,neg_elbo,0.5406524111129205,0.9551942924998109
VAE beta1.0_lat2,1,val,recon_prob,0.5522709347676912,0.9532286443699738
VAE beta1.0_lat2,1,val,kl,0.02152987297659101,0.6689328340726703
VAE beta1.0_lat2,1,test,recon,0.5385638915868991,0.9578114187489065
VAE beta1.0_lat2,1,test,recon_mc,0.5385965691226406,0.957795256424952
VAE beta1.0_lat2,1,test,neg_elbo,0.5291484243633792,0.9586244879168752
VAE beta1.0_lat2,1,test,recon_prob,0.5403510500014225,0.9581590204350614
VAE beta1.0_lat2,1,test,kl,0.017521410597279897,0.6472099099326567
VAE beta1.0_lat2,2,val,recon,0.5460613644745389,0.955748234282519
VAE beta1.0_lat2,2,val,recon_mc,0.5466731761773118,0.9561427102428218
VAE beta1.0_lat2,2,val,neg_elbo,0.5370561420000317,0.9574490285300215
VAE beta1.0_lat2,2,val,recon_prob,0.5470553514752046,0.9551564081475367
VAE beta1.0_lat2,2,val,kl,0.025206187900702014,0.651764565617194
VAE beta1.0_lat2,2,test,recon,0.5550313588718256,0.9511252068423683
VAE beta1.0_lat2,2,test,recon_mc,0.555192872656617,0.9500545459813274
VAE beta1.0_lat2,2,test,neg_elbo,0.5476590468173459,0.9541246958299046
VAE beta1.0_lat2,2,test,recon_prob,0.5566639308392519,0.9502058163958509
VAE beta1.0_lat2,2,test,kl,0.022951045890656215,0.6415629280083168
VAE beta1.0_lat2,3,val,recon,0.5914396025188193,0.9550408103855632
VAE beta1.0_lat2,3,val,recon_mc,0.591977922824177,0.9558222078746199
VAE beta1.0_lat2,3,val,neg_elbo,0.5788517816115173,0.957428160347821
VAE beta1.0_lat2,3,val,recon_prob,0.593723077975486,0.9546539636531617
VAE beta1.0_lat2,3,val,kl,0.020287485096351757,0.6262105415584986
VAE beta1.0_lat2,3,test,recon,0.5428099382552865,0.9531260206191035
VAE beta1.0_lat2,3,test,recon_mc,0.5432647476236324,0.9537225742306864
VAE beta1.0_lat2,3,test,neg_elbo,0.5314310401106955,0.9564354612708637
VAE beta1.0_lat2,3,test,recon_prob,0.5436859766133149,0.9525071972616108
VAE beta1.0_lat2,3,test,kl,0.01839561167219905,0.6060725128250275
VAE beta1.0_lat4,1,val,recon,0.7126000687594884,0.9452918538694695
VAE beta1.0_lat4,1,val,recon_mc,0.71328933014015,0.9483231256258584
VAE beta1.0_lat4,1,val,neg_elbo,0.6973903510173312,0.9533002244788116
VAE beta1.0_lat4,1,val,recon_prob,0.7145533745157131,0.9467862101855279
VAE beta1.0_lat4,1,val,kl,0.051250365679666586,0.8141922487642894
VAE beta1.0_lat4,1,test,recon,0.678123621503286,0.947291309950398
VAE beta1.0_lat4,1,test,recon_mc,0.6788205816262102,0.9472964491225311
VAE beta1.0_lat4,1,test,neg_elbo,0.653921109628921,0.9543462015969121
VAE beta1.0_lat4,1,test,recon_prob,0.6811666250661339,0.9468193254024736
VAE beta1.0_lat4,1,test,kl,0.043965855658923955,0.8142703563539198
VAE beta1.0_lat4,2,val,recon,0.6905466754228602,0.9429298598705305
VAE beta1.0_lat4,2,val,recon_mc,0.689961394704781,0.9420358190754035
VAE beta1.0_lat4,2,val,neg_elbo,0.6637512367971719,0.9519149212439292
VAE beta1.0_lat4,2,val,recon_prob,0.692675528199466,0.941188675592963
VAE beta1.0_lat4,2,val,kl,0.10736742106643907,0.8933279110964576
VAE beta1.0_lat4,2,test,recon,0.6687391023105144,0.9420417573376765
VAE beta1.0_lat4,2,test,recon_mc,0.6681345091307982,0.94141060741514
VAE beta1.0_lat4,2,test,neg_elbo,0.6340040696219557,0.9532480200966955
VAE beta1.0_lat4,2,test,recon_prob,0.6703036491630633,0.941096522068983
VAE beta1.0_lat4,2,test,kl,0.10443640510925062,0.9010529865777487
VAE beta1.0_lat4,3,val,recon,0.6911736433634418,0.9439366187680802
VAE beta1.0_lat4,3,val,recon_mc,0.6910066725342153,0.9449266980791399
VAE beta1.0_lat4,3,val,neg_elbo,0.6740429590194799,0.9522657909310321
VAE beta1.0_lat4,3,val,recon_prob,0.6954382068084842,0.9442866656953113
VAE beta1.0_lat4,3,val,kl,0.12109590353355493,0.9086381259744094
VAE beta1.0_lat4,3,test,recon,0.6836600741123378,0.9506141198977798
VAE beta1.0_lat4,3,test,recon_mc,0.6836749236713434,0.9493162182515539
VAE beta1.0_lat4,3,test,neg_elbo,0.6526894263428867,0.9557866594092619
VAE beta1.0_lat4,3,test,recon_prob,0.6869035574340493,0.9500475447903056
VAE beta1.0_lat4,3,test,kl,0.1141997125998324,0.9083777220016227
VAE beta1.0_lat16,1,val,recon,0.7706688487289252,0.9573785703664632
VAE beta1.0_lat16,1,val,recon_mc,0.7695581681554706,0.9548463398704348
VAE beta1.0_lat16,1,val,neg_elbo,0.726367257397063,0.9565895436495055
VAE beta1.0_lat16,1,val,recon_prob,0.7702725662990876,0.9546909130510359
VAE beta1.0_lat16,1,val,kl,0.26707535533623694,0.9460776269451167
VAE beta1.0_lat16,1,test,recon,0.7400125398108164,0.9557591015297081
VAE beta1.0_lat16,1,test,recon_mc,0.7387174790297645,0.9577758169477534
VAE beta1.0_lat16,1,test,neg_elbo,0.6947424807014332,0.9617950219595336
VAE beta1.0_lat16,1,test,recon_prob,0.7401243256794621,0.9578862719082348
VAE beta1.0_lat16,1,test,kl,0.2542427768361089,0.9444946320602263
VAE beta1.0_lat16,2,val,recon,0.7720392397740317,0.9635322906322954
VAE beta1.0_lat16,2,val,recon_mc,0.7708768030649615,0.9614512691295409
VAE beta1.0_lat16,2,val,neg_elbo,0.7389445951841281,0.9598169314407663
VAE beta1.0_lat16,2,val,recon_prob,0.7712150912484806,0.9625706339349852
VAE beta1.0_lat16,2,val,kl,0.05449881662372063,0.8582055637116821
VAE beta1.0_lat16,2,test,recon,0.746163327400962,0.9574641894665294
VAE beta1.0_lat16,2,test,recon_mc,0.743341452830334,0.9543311937246686
VAE beta1.0_lat16,2,test,neg_elbo,0.7020338738507972,0.9593948796119136
VAE beta1.0_lat16,2,test,recon_prob,0.7445514950551095,0.9551511151221481
VAE beta1.0_lat16,2,test,kl,0.051790109505436714,0.862446073139953
VAE beta1.0_lat16,3,val,recon,0.7657149446328688,0.9502940842966854
VAE beta1.0_lat16,3,val,recon_mc,0.7666356051222434,0.9530364177454046
VAE beta1.0_lat16,3,val,neg_elbo,0.7124961526692214,0.9595553685979183
VAE beta1.0_lat16,3,val,recon_prob,0.7660574310181606,0.9521510533271064
VAE beta1.0_lat16,3,val,kl,0.2676075221833897,0.9462227692661191
VAE beta1.0_lat16,3,test,recon,0.7139984821566017,0.9449339940372198
VAE beta1.0_lat16,3,test,recon_mc,0.7137963849046657,0.947332758490862
VAE beta1.0_lat16,3,test,neg_elbo,0.6705566618742039,0.9590189007578939
VAE beta1.0_lat16,3,test,recon_prob,0.7143191873691698,0.9445072193079144
VAE beta1.0_lat16,3,test,kl,0.27042640797966644,0.9512741683534695
VAE beta1.0_lat32,1,val,recon,0.7645123927569808,0.9605398007844043
VAE beta1.0_lat32,1,val,recon_mc,0.7634513238352423,0.9576497071423635
VAE beta1.0_lat32,1,val,neg_elbo,0.7143438183674525,0.9580990462268382
VAE beta1.0_lat32,1,val,recon_prob,0.7673885749672374,0.9565735372301835
VAE beta1.0_lat32,1,val,kl,0.11206059402147879,0.9032194294594109
VAE beta1.0_lat32,1,test,recon,0.7208432422456115,0.9608188026965311
VAE beta1.0_lat32,1,test,recon_mc,0.7199296002936643,0.9556061925385626
VAE beta1.0_lat32,1,test,neg_elbo,0.6756673733194963,0.9592511317537008
VAE beta1.0_lat32,1,test,recon_prob,0.7209671976804315,0.9547551754256407
VAE beta1.0_lat32,1,test,kl,0.10628664448788083,0.9039365462692701
VAE beta1.0_lat32,2,val,recon,0.7759686396039419,0.9655094200021602
VAE beta1.0_lat32,2,val,recon_mc,0.7721218114509764,0.966387940554253
VAE beta1.0_lat32,2,val,neg_elbo,0.7379592901998582,0.9628556080360005
VAE beta1.0_lat32,2,val,recon_prob,0.7743167051765358,0.9635464271428182
VAE beta1.0_lat32,2,val,kl,0.08700159752081998,0.8920252952286809
VAE beta1.0_lat32,2,test,recon,0.7293058778626248,0.962993864200877
VAE beta1.0_lat32,2,test,recon_mc,0.7262367051744669,0.9609548790369221
VAE beta1.0_lat32,2,test,neg_elbo,0.6977337507826814,0.9623546703567412
VAE beta1.0_lat32,2,test,recon_prob,0.7266758586115334,0.9610152084489182
VAE beta1.0_lat32,2,test,kl,0.08092208075419223,0.8869271154415215
VAE beta1.0_lat32,3,val,recon,0.772311923734836,0.9548090912871525
VAE beta1.0_lat32,3,val,recon_mc,0.7707570373750889,0.9502507772088933
VAE beta1.0_lat32,3,val,neg_elbo,0.7471052791532681,0.9584136770814103
VAE beta1.0_lat32,3,val,recon_prob,0.7712849829092693,0.9516428869118052
VAE beta1.0_lat32,3,val,kl,0.20727234829172692,0.9385847153953929
VAE beta1.0_lat32,3,test,recon,0.7249206091663087,0.9436353475834384
VAE beta1.0_lat32,3,test,recon_mc,0.7244604187023027,0.9464238325904996
VAE beta1.0_lat32,3,test,neg_elbo,0.7089430333096476,0.9584071158318006
VAE beta1.0_lat32,3,test,recon_prob,0.7258794130557593,0.9437431957174758
VAE beta1.0_lat32,3,test,kl,0.2003547742846174,0.9425597709925314
VAE beta4.0_lat16,1,val,recon,0.7609784335579632,0.9327085643917306
VAE beta4.0_lat16,1,val,recon_mc,0.759571501555095,0.9412659402245506
VAE beta4.0_lat16,1,val,neg_elbo,0.7433028521678384,0.9486888049906519
VAE beta4.0_lat16,1,val,recon_prob,0.7607356908751067,0.9336914632530011
VAE beta4.0_lat16,1,val,kl,0.10281235798179583,0.937945804956844
VAE beta4.0_lat16,1,test,recon,0.7195473810740536,0.9386822656181862
VAE beta4.0_lat16,1,test,recon_mc,0.7174978098802225,0.9450334258458798
VAE beta4.0_lat16,1,test,neg_elbo,0.7007604488605546,0.953030275607843
VAE beta4.0_lat16,1,test,recon_prob,0.7214030058267812,0.9361947573443052
VAE beta4.0_lat16,1,test,kl,0.10203098922647653,0.9367113931051825
VAE beta4.0_lat16,2,val,recon,0.7638719625518972,0.9360026705289508
VAE beta4.0_lat16,2,val,recon_mc,0.765604255260172,0.9425715105482303
VAE beta4.0_lat16,2,val,neg_elbo,0.7516621703142807,0.9491093848777932
VAE beta4.0_lat16,2,val,recon_prob,0.7594260657835251,0.9348072378335506
VAE beta4.0_lat16,2,val,kl,0.36669882071493615,0.9426490743652258
VAE beta4.0_lat16,2,test,recon,0.7036908834301681,0.942971053724682
VAE beta4.0_lat16,2,test,recon_mc,0.6990904463661001,0.9467501327805671
VAE beta4.0_lat16,2,test,neg_elbo,0.6828603021334119,0.9536757258354449
VAE beta4.0_lat16,2,test,recon_prob,0.6890928419589231,0.9393678982134078
VAE beta4.0_lat16,2,test,kl,0.36625448773209357,0.9419386759719944
VAE beta4.0_lat16,3,val,recon,0.7583073296718473,0.9334806871331427
VAE beta4.0_lat16,3,val,recon_mc,0.7586012582729821,0.9468281709389844
VAE beta4.0_lat16,3,val,neg_elbo,0.7423226325444172,0.9525545796459979
VAE beta4.0_lat16,3,val,recon_prob,0.7602128674782396,0.9362105669892583
VAE beta4.0_lat16,3,val,kl,0.13184979498626995,0.9445844299725138
VAE beta4.0_lat16,3,test,recon,0.725951207932031,0.942105624585561
VAE beta4.0_lat16,3,test,recon_mc,0.7227229045926954,0.9517638793212152
VAE beta4.0_lat16,3,test,neg_elbo,0.709102199844474,0.9577897448490414
VAE beta4.0_lat16,3,test,recon_prob,0.7280895612086098,0.9433425264929909
VAE beta4.0_lat16,3,test,kl,0.13715615578978468,0.9410955538191608
PCA (k=8),1,val,recon,0.3504428541368316,0.9457266450634857
PCA (k=8),2,val,recon,0.3504428541368316,0.9457266450634857
PCA (k=8),3,val,recon,0.3504428541368316,0.9457266450634857
PCA (k=8),1,test,recon,0.3498545973174344,0.9437005927253006
PCA (k=8),2,test,recon,0.3498545973174344,0.9437005927253006
PCA (k=8),3,test,recon,0.3498545973174344,0.9437005927253006
Isolation Forest,1,val,iforest,0.33548383154884065,0.950458037900209
Isolation Forest,1,test,iforest,0.32954730002279226,0.954799565955949
Isolation Forest,2,val,iforest,0.23099388172883498,0.94891169811953
Isolation Forest,2,test,iforest,0.2294743291870729,0.9467120731144805
Isolation Forest,3,val,iforest,0.24086424989449165,0.9495381923636516
Isolation Forest,3,test,iforest,0.22545737101337313,0.9538619277243217
