model,val_ap,test_ap,test_roc_auc
VAE beta1.0_lat32,0.771 +/- 0.006,0.725 +/- 0.004,0.956 +/- 0.011
VAE beta1.0_lat16,0.769 +/- 0.003,0.733 +/- 0.017,0.953 +/- 0.007
VAE beta4.0_lat16,0.761 +/- 0.003,0.716 +/- 0.011,0.941 +/- 0.002
VAE beta4.0_lat8,0.759 +/- 0.004,0.720 +/- 0.004,0.945 +/- 0.006
VAE beta1.0_lat8,0.733 +/- 0.039,0.696 +/- 0.028,0.950 +/- 0.007
VAE beta2.0_lat8,0.710 +/- 0.092,0.679 +/- 0.073,0.948 +/- 0.007
VAE beta1.0_lat4,0.698 +/- 0.013,0.677 +/- 0.008,0.947 +/- 0.004
VAE beta0.5_lat8,0.689 +/- 0.032,0.655 +/- 0.028,0.947 +/- 0.002
VAE beta0.0_lat8,0.657 +/- 0.121,0.605 +/- 0.133,0.944 +/- 0.005
VAE beta1.0_lat2,0.562 +/- 0.025,0.545 +/- 0.009,0.954 +/- 0.003
PCA (k=8),0.350 +/- 0.000,0.350 +/- 0.000,0.944 +/- 0.000
Isolation Forest,0.269 +/- 0.058,0.261 +/- 0.059,0.952 +/- 0.004
