model,split,score,ap_mean,ap_std,roc_auc_mean,roc_auc_std
Isolation Forest,test,iforest,0.26149300007441273,0.05897096568939935,0.9517911889315837,0.004423556767581202
Isolation Forest,val,iforest,0.26911398772405576,0.05768945457296467,0.9496359761277969,0.0007777936279794206
PCA (k=8),test,recon,0.34985459731743446,0.0,0.9437005927253006,0.0
PCA (k=8),val,recon,0.3504428541368316,0.0,0.9457266450634857,0.0
VAE beta0.0_lat8,test,kl,0.09363887136280329,0.053921376463426526,0.8577601412314017,0.06014549371168206
VAE beta0.0_lat8,test,neg_elbo,0.13722553496646506,0.07780405155077277,0.8996541386808331,0.041319248555758324
VAE beta0.0_lat8,test,recon,0.6047000629499301,0.13269593537169522,0.9442804254072626,0.004895264582016003
VAE beta0.0_lat8,test,recon_mc,0.6046999591765918,0.13269588234969806,0.9442796557727887,0.004896656204215516
VAE beta0.0_lat8,test,recon_prob,0.6046999591765919,0.13269588234969812,0.9442796557727887,0.004896656204215596
VAE beta0.0_lat8,val,kl,0.10001957452742723,0.05568510653484347,0.856045619591538,0.05981198256915546
VAE beta0.0_lat8,val,neg_elbo,0.1466888871786968,0.07967958922203568,0.9029619056195696,0.03982425022892332
VAE beta0.0_lat8,val,recon,0.6574466866752475,0.12094213892648269,0.950354893730839,0.003180089021346221
VAE beta0.0_lat8,val,recon_mc,0.6574466704454202,0.12094212627081194,0.9503546942739005,0.0031803606723050486
VAE beta0.0_lat8,val,recon_prob,0.6574466742434829,0.12094213048618443,0.9503547316720765,0.0031803430478596966
VAE beta0.5_lat8,test,kl,0.4609801855162235,0.039463834815785755,0.9518953130278436,0.0023665664414107843
VAE beta0.5_lat8,test,neg_elbo,0.6173889493203094,0.017958765878980296,0.9558177302977858,0.002834651839553001
VAE beta0.5_lat8,test,recon,0.6546213019531042,0.028081848650391903,0.9465562842007872,0.0016278146812994977
VAE beta0.5_lat8,test,recon_mc,0.6559011799251465,0.0301187111686101,0.9461162767239123,0.0014120565847318789
VAE beta0.5_lat8,test,recon_prob,0.652625922877989,0.027038910208002264,0.945908376108252,0.0015523297338856242
VAE beta0.5_lat8,val,kl,0.4635468588881307,0.04046214234720513,0.9495246043597098,0.002533561564704884
VAE beta0.5_lat8,val,neg_elbo,0.6469212866111206,0.023596596893687802,0.9548404932889222,0.002141342533479746
VAE beta0.5_lat8,val,recon,0.6885433680844869,0.03219511261062167,0.950974880692339,0.00031187028474770014
VAE beta0.5_lat8,val,recon_mc,0.6895680770115935,0.03346690292050409,0.9495225848582066,0.0008882904644322494
VAE beta0.5_lat8,val,recon_prob,0.6862741314412881,0.03243768012009233,0.9496741222673029,0.0013426800566505857
VAE beta1.0_lat16,test,kl,0.1921530981070707,0.12182694244761502,0.9194049578512162,0.04944417497290337
VAE beta1.0_lat16,test,neg_elbo,0.689111005475478,0.01647691880693279,0.9600696007764471,0.0015060374228253912
VAE beta1.0_lat16,test,recon,0.73339144978946,0.017074057578724263,0.9527190950111525,0.0067957839208452825
VAE beta1.0_lat16,test,recon_mc,0.7319517722549214,0.015892100264139317,0.9531465897210946,0.005321356262032717
VAE beta1.0_lat16,test,recon_prob,0.7329983360345804,0.016327366698844995,0.9525148687794324,0.007068387949536089
VAE beta1.0_lat16,val,kl,0.1963938980477824,0.12288503326135426,0.916835319974306,0.05077491020311457
VAE beta1.0_lat16,val,neg_elbo,0.7259360017501374,0.013229494092399586,0.9586539478960634,0.0017926035395742798
VAE beta1.0_lat16,val,recon,0.7694743443786085,0.0033270569187087537,0.9570683150984814,0.006624554361957427
VAE beta1.0_lat16,val,recon_mc,0.7690235254475585,0.002170558019535946,0.9564446755817935,0.004429270677993014
VAE beta1.0_lat16,val,recon_prob,0.7691816961885762,0.002746427308588631,0.9564708667710425,0.005433055442846608
VAE beta1.0_lat2,test,kl,0.01962268938671172,0.002915394423205832,0.6316151169220003,0.022300012763549617
VAE beta1.0_lat2,test,neg_elbo,0.5360795037638069,0.010092915666894617,0.9563948816725478,0.0022501704900608167
VAE beta1.0_lat2,test,recon,0.5454683962380037,0.008549556645197243,0.9540208820701261,0.0034317546790495128
VAE beta1.0_lat2,test,recon_mc,0.5456847298009634,0.008558712406192773,0.9538574588789887,0.003872117630479488
VAE beta1.0_lat2,test,recon_prob,0.5469003191513298,0.008618382607605373,0.9536240113641744,0.004092532092371698
VAE beta1.0_lat2,val,kl,0.022341181991214928,0.002557748239621776,0.6489693137494543,0.021497875340825878
VAE beta1.0_lat2,val,neg_elbo,0.5521867782414899,0.02316247161737625,0.9566904937925512,0.0012957903385791866
VAE beta1.0_lat2,val,recon,0.5624650527122936,0.02516577124661088,0.9541944647308772,0.0021084418168946756
VAE beta1.0_lat2,val,recon_mc,0.5632484652719499,0.024978448217528433,0.9552316657436797,0.001310248925867663
VAE beta1.0_lat2,val,recon_prob,0.5643497880727939,0.02557133545693127,0.9543463387235573,0.0010000215590208457
VAE beta1.0_lat32,test,kl,0.12918783317556348,0.06292368714136791,0.911141144234441,0.028507503657706275
VAE beta1.0_lat32,test,neg_elbo,0.6941147191372751,0.0169304586317937,0.9600043059807475,0.0020787617093020253
VAE beta1.0_lat32,test,recon,0.725023243091515,0.0042322512553649065,0.9558160048269487,0.010604670258892288
VAE beta1.0_lat32,test,recon_mc,0.7235422413901446,0.0032522577045466148,0.9543283013886614,0.007349325278572809
VAE beta1.0_lat32,test,recon_prob,0.7245074897825748,0.003091736163905551,0.9531711931973449,0.00874427559740914
VAE beta1.0_lat32,val,kl,0.1354448466113419,0.06345376919174536,0.9112764800278282,0.02430292059530361
VAE beta1.0_lat32,val,neg_elbo,0.7331361292401929,0.01690489542816695,0.9597894437814163,0.002660032061973928
VAE beta1.0_lat32,val,recon,0.770930985365253,0.005851635757637964,0.9602861040245724,0.005354673676963579
VAE beta1.0_lat32,val,recon_mc,0.7687767242204359,0.004662142105997931,0.95809614163517,0.008077839316672577
VAE beta1.0_lat32,val,recon_prob,0.7709967543510142,0.003473046764095379,0.9572542837616024,0.005980897038728005
VAE beta1.0_lat4,test,kl,0.08753399112266898,0.038045595857199306,0.8745670216444305,0.0523467173863303
VAE beta1.0_lat4,test,neg_elbo,0.6468715351979212,0.011160556155083259,0.9544602937009565,0.0012731595131722122
VAE beta1.0_lat4,test,recon,0.676840932642046,0.007542732788171929,0.9466490623952848,0.004322118856186406
VAE beta1.0_lat4,test,recon_mc,0.6768766714761173,0.00795048495544284,0.9460077582630749,0.0041073365789328865
VAE beta1.0_lat4,test,recon_prob,0.6794579438877489,0.00843083223521337,0.9459877974205874,0.004533076331576987
VAE beta1.0_lat4,val,kl,0.09323789675988686,0.0370044913810719,0.8720527619450521,0.05069003757207305
VAE beta1.0_lat4,val,neg_elbo,0.6783948489446608,0.017236638617198555,0.9524936455512577,0.0007202114683288745
VAE beta1.0_lat4,val,recon,0.6981067958485968,0.012555456660425315,0.9440527775026935,0.0011852736188223164
VAE beta1.0_lat4,val,recon_mc,0.6980857991263821,0.013177012859526563,0.9450952142601339,0.0031470389562716005
VAE beta1.0_lat4,val,recon_prob,0.7008890365078878,0.011914012681219357,0.9440871838246007,0.002804093996515901
VAE beta1.0_lat8,test,kl,0.2734350972142742,0.13566630855471107,0.9389269721405479,0.007397806298650771
VAE beta1.0_lat8,test,neg_elbo,0.6627833075578274,0.03539451241683633,0.9581677346834608,0.002370528785452988
VAE beta1.0_lat8,test,recon,0.6963722234368933,0.02812659997912499,0.9500029308177309,0.007414280010226102
VAE beta1.0_lat8,test,recon_mc,0.6963280233848937,0.02754140868585463,0.9485638881397366,0.007459812923193468
VAE beta1.0_lat8,test,recon_prob,0.6967184795061492,0.02934613279592963,0.9484444334212926,0.006898754925169547
VAE beta1.0_lat8,val,kl,0.2766235639459882,0.1463903811056195,0.9358565309232553,0.007537929708414605
VAE beta1.0_lat8,val,neg_elbo,0.6940127317846478,0.04768819957432527,0.957344824745665,0.0005113588585039548
VAE beta1.0_lat8,val,recon,0.7328547186458464,0.03913549693874708,0.9518048958101776,0.0017532620947240457
VAE beta1.0_lat8,val,recon_mc,0.7339170140073074,0.038089425112053085,0.9522381412129196,0.0036237690122531583
VAE beta1.0_lat8,val,recon_prob,0.7344978730506413,0.03938067557313879,0.9519672163600165,0.002797093869482554
VAE beta2.0_lat8,test,kl,0.2857701314339171,0.10536273448652055,0.939824452831474,0.010609345805665124
VAE beta2.0_lat8,test,neg_elbo,0.6626919818519739,0.06914158565776463,0.9591013633677475,0.0027539568370969344
VAE beta2.0_lat8,test,recon,0.6787121287113846,0.0730066424074707,0.9484858819617566,0.00746863636453951
VAE beta2.0_lat8,test,recon_mc,0.6815390389708522,0.06397842318748947,0.9495059455628599,0.005557968505768812
VAE beta2.0_lat8,test,recon_prob,0.6655882189468039,0.09577167820551026,0.946460551602986,0.0061781708760127495
VAE beta2.0_lat8,val,kl,0.2901196750310255,0.10866670188333112,0.938640974718135,0.009444577862566318
VAE beta2.0_lat8,val,neg_elbo,0.6951617304928529,0.08133733973187837,0.9553571241580548,0.0007301496558773733
VAE beta2.0_lat8,val,recon,0.7104661543416938,0.0923787280570622,0.9471533605452435,0.003626376481169273
VAE beta2.0_lat8,val,recon_mc,0.7155916372563106,0.08204974937384264,0.9470867294616947,0.001549147048730436
VAE beta2.0_lat8,val,recon_prob,0.7025164724972631,0.10750073392158985,0.9455240092799335,0.0011951736712707065
VAE beta4.0_lat16,test,kl,0.2018138775827849,0.14348860592825033,0.9399152076321126,0.002806427334419344
VAE beta4.0_lat16,test,neg_elbo,0.6975743169461467,0.013407940792734262,0.9548319154307765,0.002581805114593871
VAE beta4.0_lat16,test,recon,0.7163964908120842,0.011459781577948615,0.9412529813094764,0.0022679674320400397
VAE beta4.0_lat16,test,recon_mc,0.7131037202796726,0.012413874818975285,0.9478491459825541,0.003497230834463165
VAE beta4.0_lat16,test,recon_prob,0.7128618029981046,0.020854259454129873,0.939635060683568,0.00358136605079995
VAE beta4.0_lat16,val,kl,0.20045365789433398,0.14470274291762267,0.9417264364315279,0.0034141296243981826
VAE beta4.0_lat16,val,neg_elbo,0.7457625516755121,0.00513267305501864,0.9501175898381476,0.0021209458628266248
VAE beta4.0_lat16,val,recon,0.7610525752605692,0.002783057224794685,0.9340639740179414,0.0017227743622719848
VAE beta4.0_lat16,val,recon_mc,0.7612590050294163,0.003794238089858441,0.9435552072372552,0.0029086675664548997
VAE beta4.0_lat16,val,recon_prob,0.7601248747122904,0.0006592317614235254,0.9349030893586033,0.00126228425667416
VAE beta4.0_lat8,test,kl,0.06033956531846183,0.03240336875740871,0.9225227346920262,0.022486637026667443
VAE beta4.0_lat8,test,neg_elbo,0.7057516491968482,0.005428877042752184,0.9559738543748791,0.003059459991197397
VAE beta4.0_lat8,test,recon,0.7196042141037537,0.0036837524446588954,0.9452806895408488,0.005819595904049495
VAE beta4.0_lat8,test,recon_mc,0.7185043341856558,0.0038013245508180314,0.9512455056760417,0.006000886586699448
VAE beta4.0_lat8,test,recon_prob,0.7218360649067811,0.004719438090161219,0.9419525790463638,0.0031743763995254856
VAE beta4.0_lat8,val,kl,0.06402710073968525,0.03220426551476143,0.9169155265957377,0.0234112227195157
VAE beta4.0_lat8,val,neg_elbo,0.7440349327160881,0.00644688199220947,0.9505533783168567,0.0025943484987625896
VAE beta4.0_lat8,val,recon,0.7591416423281735,0.004079918648743502,0.9383178420115551,0.004469319023354877
VAE beta4.0_lat8,val,recon_mc,0.7589719690321949,0.004062044132233914,0.9453073865785626,0.005078818940809039
VAE beta4.0_lat8,val,recon_prob,0.7607845494336883,0.0029135642676879603,0.9372942664008703,0.003459503336448304
