feature,real_mean,gen_mean,real_std,gen_std,ks_stat
V1,0.013781063,0.06560034,1.9349502,1.4350507,0.0987339
V2,-0.0057659536,0.062215198,1.6312959,1.0452987,0.056090593
V3,0.009902264,0.024938516,1.4630338,1.0612133,0.075158775
V4,-0.010928598,0.073968396,1.398665,1.0228505,0.09627026
V5,0.003757822,-0.093167916,1.3454939,0.8724323,0.0870952
V6,0.0032280213,0.010427469,1.325577,0.9379316,0.13717297
V7,0.008822677,0.016642762,1.1648867,0.7512829,0.05352688
V8,-0.0024020334,0.014863588,1.1710505,0.6693074,0.098041594
V9,0.0048254644,0.039690405,1.0866345,0.7469345,0.10080901
V10,0.007867896,-0.033503212,1.0401571,0.662639,0.07555412
V11,-0.007685789,-0.12422568,1.0015035,0.73172754,0.12405646
V12,0.012930189,-0.011283332,0.94115967,0.70540655,0.09591305
V13,-0.0024772822,-0.072245084,0.9952284,0.6404316,0.13055277
V14,0.010273013,-0.025639124,0.8924092,0.64472294,0.08894682
V15,0.0016021009,0.023021773,0.91635996,0.57557833,0.13485724
V16,0.0071195224,0.009875537,0.8450741,0.669531,0.053318918
V17,0.011290772,0.0029574416,0.74862117,0.5753948,0.07037425
V18,0.00489068,-0.074954905,0.82550657,0.6139967,0.11826956
V19,-0.0023307926,0.028952185,0.8119267,0.5540996,0.0870805
V20,-0.0017342378,0.0013091353,0.76754415,0.39286223,0.09992257
V21,-0.0032895887,-0.022671252,0.71726674,0.3854968,0.10986525
V22,0.00016249617,0.011168522,0.7227204,0.4218507,0.15899906
V23,-0.0011664708,0.042572025,0.6179547,0.28545296,0.14795578
V24,0.000385484,-0.014230597,0.60454524,0.38105696,0.19801545
V25,-0.0009159057,-0.02624766,0.52120906,0.28436556,0.16894758
V26,0.0018524354,-0.026783079,0.4818441,0.3344662,0.09143263
V27,0.0016233724,-0.0023838913,0.3850324,0.19674249,0.11365503
V28,0.0014442677,0.010055583,0.3381944,0.15452063,0.15293159
Amount,88.00091,56.44973,246.72606,107.43011,0.14599532
